INSERT INTO `formularios` (`id`,`nombre`,`numero`,`descripcion`,`encabezado`,`formulario_id`) VALUES (1,'Diagnóstico',1,'<p>Realiza el siguiente test gratuito que te indicará en qué parte del proceso para escoger carrera te encuentras y qué recomendaciones te sugerimos para escoger la carrera más acorde a tu perfil reduciendo las posibilidades de equivocarte.</p><p>A continuación te presentamos una serie de afirmaciones relacionadas con tu proceso de decisión de carrera. Te recordamos que todas las respuestas son válidas y no existen respuestas correctas o incorrectas.</p>','Este diagnostico es Gratuito y evalúa el estado en el cual te encuentras y a su ves dará recomendaciones para comenzar con la búsqueda de tu vocación ideal.',NULL);
INSERT INTO `formularios` (`id`,`nombre`,`numero`,`descripcion`,`encabezado`,`formulario_id`) VALUES (2,'Información general',1,NULL,NULL,1);
INSERT INTO `formularios` (`id`,`nombre`,`numero`,`descripcion`,`encabezado`,`formulario_id`) VALUES (3,'Habilidades y preferencias',2,'Para cada afirmación a continuación  debes desplazar la barra de interés en una escala de 1 a 5 (las opciones de respuesta significa 1 muy poco y 5 mucho).',NULL,1);
INSERT INTO `formularios` (`id`,`nombre`,`numero`,`descripcion`,`encabezado`,`formulario_id`) VALUES (4,'Información recabada',3,'Para cada afirmación debes responder en una escala de 1 a 3. Cada una de las opciones de respuesta significa lo siguiente: 1 Nada, 2 Algo y 3 Mucho',NULL,1);
INSERT INTO `formularios` (`id`,`nombre`,`numero`,`descripcion`,`encabezado`,`formulario_id`) VALUES (5,'Información recabada',4,'Para cada afirmación debes responder en una escala de 1 a 3. Cada una de las opciones de respuesta significa lo siguiente: 1 Nada, 2 Algo y 3 Mucho',NULL,1);
INSERT INTO `formularios` (`id`,`nombre`,`numero`,`descripcion`,`encabezado`,`formulario_id`) VALUES (6,'Decisión consciente',5,'Para cada afirmación a continuación  debes desplazar la barra de interés en una escala de 1 a 5 (las opciones de respuesta significa 1 muy poco y 5 mucho).',NULL,1);
INSERT INTO `formularios` (`id`,`nombre`,`numero`,`descripcion`,`encabezado`,`formulario_id`) VALUES (7,'Mentor experto',2,NULL,'Desde este momento usted tendrá que elegir su Asesor experto en Orientación Vocacional. Sera el mentor que lo acompañara en todo el proceso, por lo tanto revise muy bien la disponibilidad y su perfil para que estos cumplan con sus intereses.',NULL);
INSERT INTO `formularios` (`id`,`nombre`,`numero`,`descripcion`,`encabezado`,`formulario_id`) VALUES (8,'Test vocacional',3,NULL,'Esta prueba esta desarrollada por una empresa dedicada a la generación de pruebas psicológicas y será analizada por el experto que has escogido como guía de tu programa. Después de la próxima asesoría podrás ver los resultados.',NULL);
INSERT INTO `formularios` (`id`,`nombre`,`numero`,`descripcion`,`encabezado`,`formulario_id`) VALUES (9,'Evaluación 360',4,'<p>Por favor escribe el correo de las personas que consideras te conocen, la opinión de ellos puede ayudar en tu decisión de carrera. Como mínimo deberás lograr que tres personas las diligencien, si logras un mayor número tendrás mejor puntaje.</p><p>Te recomendamos que por lo menos esta encuesta sea diligenciada por un padre o familiar cercano, por un amigo y por un profesor o tutor, para que en realidad sea una encuesta 360°.</p><p>Tan pronto ingreses el correo de la persona que seleccionaste, nosotros le enviaremos un correo con las indicaciones, sin embargo te solicitamos que te contactes con estas personas para que estén enteradas.</p>','Recuerda que entre más personas te den retroalimentación tendrás mayor conocimiento sobre tus fortalezas y debilidades.',NULL);
INSERT INTO `formularios` (`id`,`nombre`,`numero`,`descripcion`,`encabezado`,`formulario_id`) VALUES (10,'Diseño de vida',5,NULL,'Esta prueba te ayudara a entender cuales son tus intereses a largo plazo y como estos se ajustan a tus decisiones actuales. Toma todo el tiempo que sea necesario para llenar esta prueba.',NULL);
INSERT INTO `formularios` (`id`,`nombre`,`numero`,`descripcion`,`encabezado`,`formulario_id`) VALUES (11,'Mercado laboral',6,'A continuación veras los informes del mercado laboral según las alternativas que estas analizando.','Programa de Información: Si tienes claras cuales son tus habilidades, fortalezas y destrezas y tienes claros tu panorama a corto, mediano y largo plazo, selecciona la alternativa de estudio (solo una) que quieres estudiar para ver como esta el mercado laboral. Si no tienes claro alguna de las variables para evaluar alternativas de la prueba de ponderación te recomendamos hacer el programa de orientación',NULL);
INSERT INTO `formularios` (`id`,`nombre`,`numero`,`descripcion`,`encabezado`,`formulario_id`) VALUES (12,'Red de mentores',7,NULL,'Programa de Información: Según las Alternativas de estudio avaluadas con tu Experto OV, busca por lo menos 3 profesionales para cada alternativa de estudio. En lo posible escoge con diferentes años de experiencia y en las profundizaciones o especializaciones que te llaman la atención.',NULL);
INSERT INTO `formularios` (`id`,`nombre`,`numero`,`descripcion`,`encabezado`,`formulario_id`) VALUES (13,'Ponderación',8,'<p>La matriz de ponderación Consiente incluye variables que consideramos muy importantes para cada una de las alternativas de estudio escogidas. Tu podrás escoger las variables que consideras importantes para tomar tu decisión de la forma mas acertada (nosotros consideramos todas estas importantes), y para las variables seleccionadas podrás seleccionar un valor de importancia de 1 a 10 donde 10 es una variable muy importante para tu decisión, 1 es una variable muy poco importante en tu decisión y 0 es que no la quieres contemplar en tu decisión . De igual forma podrás incluir variables que no estén incluidas y que tu consideras importantes para tu decisión.</p><p>Después de ponderar las variables para cada alternativa de estudio, recibirás una puntuación por cada alternativa de estudio, la alternativa que obtenga el puntaje mas alto es la alternativa que mas se ajusta a tu perfil y tus aspiraciones personales y profesionales. IMPORTANTE!!!: Resaltamos que ponderar (seleccionar un valor) para estas variables debe ser una tarea fácil si has realizado el proceso completo con el acompañamiento de profesionales. Si consideras que hay variables que no tienes claridad para responder, te sugerimos que las aclares por medio de mas mentorias en nuestra red de profesionales, para que tu decisión sea lo mas acertada posible.</p>','Esta ponderación le dará las herramientas para seleccionar su mejor alternativas. Si alguna variable no es importante para usted déjela en 0. Si siente que no tiene la información suficiente para diligenciar esta matriz le recomendamos realizar el programa de orientación y si este ya lo realizo, aclarar las dudas con mentorias de profesionales.',NULL);
INSERT INTO `formularios` (`id`,`nombre`,`numero`,`descripcion`,`encabezado`,`formulario_id`) VALUES (14,'Universidad',9,NULL,'Le solicitaremos una información, para poder enviarle un reporte de las universidades que debería contemplar en su selección de institución educativa.',NULL);
INSERT INTO `formularios` (`id`,`nombre`,`numero`,`descripcion`,`encabezado`,`formulario_id`) VALUES (15,'Personales',1,'Te invitamos a utilizar el mouse y evaluar a %usu%, frente a cada aspecto en una escala de -1 a 5, siendo 5 la calificación más alta y 0 la más baja. En este caso -1 significa que no sabes si %usu% tenga esta característica y 0 la ausencia de esa característica.',NULL,9);
INSERT INTO `formularios` (`id`,`nombre`,`numero`,`descripcion`,`encabezado`,`formulario_id`) VALUES (16,'Sociales',2,'Te invitamos a utilizar el mouse y evaluar a %usu%, frente a cada aspecto en una escala de -1 a 5, siendo 5 la calificación más alta y 0 la más baja. En este caso -1 significa que no sabes si %usu% tenga esta característica y 0 la ausencia de esa característica.',NULL,9);
INSERT INTO `formularios` (`id`,`nombre`,`numero`,`descripcion`,`encabezado`,`formulario_id`) VALUES (17,'Sociales',3,'Te invitamos a utilizar el mouse y evaluar a %usu%, frente a cada aspecto en una escala de -1 a 5, siendo 5 la calificación más alta y 0 la más baja. En este caso -1 significa que no sabes si %usu% tenga esta característica y 0 la ausencia de esa característica.',NULL,9);
INSERT INTO `formularios` (`id`,`nombre`,`numero`,`descripcion`,`encabezado`,`formulario_id`) VALUES (18,'Administrativas',4,'Te invitamos a utilizar el mouse y evaluar a %usu%, frente a cada aspecto en una escala de -1 a 5, siendo 5 la calificación más alta y 0 la más baja. En este caso -1 significa que no sabes si %usu% tenga esta característica y 0 la ausencia de esa característica.',NULL,9);
INSERT INTO `formularios` (`id`,`nombre`,`numero`,`descripcion`,`encabezado`,`formulario_id`) VALUES (19,'Cognitivas',5,'Te invitamos a utilizar el mouse y evaluar a %usu%, frente a cada aspecto en una escala de -1 a 5, siendo 5 la calificación más alta y 0 la más baja. En este caso -1 significa que no sabes si %usu% tenga esta característica y 0 la ausencia de esa característica.',NULL,9);
INSERT INTO `formularios` (`id`,`nombre`,`numero`,`descripcion`,`encabezado`,`formulario_id`) VALUES (20,'Cognitivas',6,'Evalúa por favor el nivel (en porcentaje) de habilidad que consideras que %usu% tiene en las siguientes áreas, donde un 0% significa que no tiene nada de habilidad y el 100% significa que es la habilidad mas pronunciada.',NULL,9);
INSERT INTO `formularios` (`id`,`nombre`,`numero`,`descripcion`,`encabezado`,`formulario_id`) VALUES (21,'Cognitivas',7,NULL,NULL,9);
INSERT INTO `formularios` (`id`,`nombre`,`numero`,`descripcion`,`encabezado`,`formulario_id`) VALUES (22,'Intereses académicos',1,'Muchos de los intereses profesionales se relacionan con aquellas materias que tomamos en el colegio o en la universidad. En esta actividad queremos ayudarte a establecer tus preferencias frente a asignaturas académicas de manera más concreta.',NULL,10);
INSERT INTO `formularios` (`id`,`nombre`,`numero`,`descripcion`,`encabezado`,`formulario_id`) VALUES (23,'Intereses de carrera',2,'Esta actividad busca ayudarte a identificar tus intereses de carrera. Los intereses son aquellas actividades que nos generan disfrute, entretenimiento y que resulta agradable realizarlas. Estos intereses se relacionan con hobbies o actividades profesionales e identificarlos es una pista importante en tu toma de decisión de carrera.',NULL,10);
INSERT INTO `formularios` (`id`,`nombre`,`numero`,`descripcion`,`encabezado`,`formulario_id`) VALUES (24,'Agronomía y veterinaria',3,NULL,NULL,10);
INSERT INTO `formularios` (`id`,`nombre`,`numero`,`descripcion`,`encabezado`,`formulario_id`) VALUES (25,'Bellas artes',4,NULL,NULL,10);
INSERT INTO `formularios` (`id`,`nombre`,`numero`,`descripcion`,`encabezado`,`formulario_id`) VALUES (26,'Ciencias de la salud',5,NULL,NULL,10);
INSERT INTO `formularios` (`id`,`nombre`,`numero`,`descripcion`,`encabezado`,`formulario_id`) VALUES (27,'Ciencias sociales, derecho y ciencias políticas',6,NULL,NULL,10);
INSERT INTO `formularios` (`id`,`nombre`,`numero`,`descripcion`,`encabezado`,`formulario_id`) VALUES (28,'Ciencias de la ecucación',7,NULL,NULL,10);
INSERT INTO `formularios` (`id`,`nombre`,`numero`,`descripcion`,`encabezado`,`formulario_id`) VALUES (29,'Economía, administración y contaduría',8,NULL,NULL,10);
INSERT INTO `formularios` (`id`,`nombre`,`numero`,`descripcion`,`encabezado`,`formulario_id`) VALUES (30,'Ingeniería, arquitectura y urbanismo',9,NULL,NULL,10);
INSERT INTO `formularios` (`id`,`nombre`,`numero`,`descripcion`,`encabezado`,`formulario_id`) VALUES (31,'Matemáticas y ciencias naturales',10,NULL,NULL,10);
INSERT INTO `formularios` (`id`,`nombre`,`numero`,`descripcion`,`encabezado`,`formulario_id`) VALUES (32,'Intereses de carrera 2',11,'La siguiente imagen presenta la organización de las opciones seleccionadas según tu nivel de interés. Observa con detenimiento cada uno de los cuatro niveles y responde las siguientes preguntas:',NULL,10);
INSERT INTO `formularios` (`id`,`nombre`,`numero`,`descripcion`,`encabezado`,`formulario_id`) VALUES (33,'Valores ocupacionales',12,'<p>Escoger una carrera profesional va más allá de matricularse en un programa académico. En una gran proporción de casos, la carrera que se estudia es aquella que se desempeña a nivel profesional. No obstante, la elección no solo tiene que ver con las materias a estudiar o con las habilidades o personalidad propias. La elección también debe tener en cuenta tus preferencias sobre el tipo de ambiente de trabajo en el que te sientes cómodo; de esto depende también tu satisfacción personal y laboral.</p><p>A continuación encontrarás un listado de actividades bajo el titulo "Me interesan carreras y trabajos que incluyan…". Te invitamos a seleccionar si te interesa "si" o si no te interesa "no". De estas listado solo podrás escoger 10 actividades que te interesen, analiza muy bien tus prioridades.</p>',NULL,10);
INSERT INTO `formularios` (`id`,`nombre`,`numero`,`descripcion`,`encabezado`,`formulario_id`) VALUES (34,'Valores ocupacionales',13,NULL,NULL,10);
INSERT INTO `formularios` (`id`,`nombre`,`numero`,`descripcion`,`encabezado`,`formulario_id`) VALUES (35,'Análisis',14,'A continuación veras un listado de los 5 valores ocupacionales y los 5 intereses académicos mas importantes para ti seleccionados en las pruebas anteriores. A continuación te realizaremos preguntas de estos valores e intereses, respecto a los intereses de carrera seleccionados como nivel 3.',NULL,10);
INSERT INTO `formularios` (`id`,`nombre`,`numero`,`descripcion`,`encabezado`,`formulario_id`) VALUES (36,'Vida',15,'<p>Todas las personas tienen capacidad de imaginación. Incluso en algunas oportunidades las personas tienen pensamientos como  "si yo fuera "X" persona o tuviera "X" cosa, yo haría o diría "Y" cosa". Esta creatividad e imaginación resultan muy útiles en el diseño de vida. Nos permiten proyectarnos a realidades que quizá no pensamos antes. Este ejercicio es precisamente una invitación para que te imagines aquellas cosas que siempre has querido o quisieras hacer.</p><p>Si tuvieras la posibilidad de vivir 3 vidas completamente diferentes, ¿Cómo serían?. Cada una de las puertas de la gráfica representa un tipo de vida diferente. Describe cada una de las tres vidas incluyendo aspectos como tu forma de vida, lugar de residencia, que aspectos materiales te gustaría tener, que ocupación quisieras o actividad preferida, como seria tu familia, entre otros. Siéntete libre de incluir cualquier cosa que desearías hacer al vivir cada una de esas vidas.</p>',NULL,10);
INSERT INTO `formularios` (`id`,`nombre`,`numero`,`descripcion`,`encabezado`,`formulario_id`) VALUES (37,'Metas',16,'<p>El siguiente ejercicio busca ayudarte en la planeación de tu futuro personal y profesional. Diseñar y planificar tu vida es un proceso que toma tiempo. Además los planes casi siempre son susceptibles de cambio. Por esto, la mejor manera de planear es realizando una lluvia de ideas que luego se irá organizando y estructurando poco a poco.</p><p>Un mapa de metas es una forma visual para resaltar ideas, conceptos, actividades, temas, etc asociados a tu proyecto de vida. Este mapa en particular corresponde a TÚ vida y tus objetivos a corto, mediano y largo plazo. Tómate tu tiempo y revisa la guía que descargaste al comienzo donde te daremos los diferentes aspectos que debe contemplar para cada pregunta.</p>',NULL,10);
INSERT INTO `formularios` (`id`,`nombre`,`numero`,`descripcion`,`encabezado`,`formulario_id`) VALUES (38,'Ponderación consciente (Paso 1)',1,NULL,NULL,13);
INSERT INTO `formularios` (`id`,`nombre`,`numero`,`descripcion`,`encabezado`,`formulario_id`) VALUES (39,'Ponderación consciente (Paso 2)',2,'Las variables a continuación en lo posible debes responderlas no solo respecto a la carrera o alternativa de estudio sino al campo de acción especifico que quisieras desempeñarte en esta carrera profesional (ej. Si quieres estudiar Biología, pero el campo especifico en que que quisieras trabajar es Investigación)',NULL,13);
INSERT INTO `formularios` (`id`,`nombre`,`numero`,`descripcion`,`encabezado`,`formulario_id`) VALUES (40,'Ponderación consciente (Paso 3)',3,'Antes de ponderar estas variables deberás haber decidido que Universidad es la mas adecuada para cada alternativa de estudio. Tu experto OV te asesorara en los pasos que debes seguir para determinar la universidad idónea para tus alternativas y podrás complementarlo hablando con profesionales en la red de mentores, que hayan estudiado en dicha universidades que estas interesado en ingresar.',NULL,13);


INSERT INTO `preguntas` (`id`,`pregunta`,`numero`,`preguntastipo_id`,`formulario_id`) VALUES (1,'Selecciona una de las siguientes afirmaciones que se ajuste a la razón por la cual estas interesado en nuestro programa.',1,1,2);
INSERT INTO `preguntas` (`id`,`pregunta`,`numero`,`preguntastipo_id`,`formulario_id`) VALUES (2,'Selecciona de mayor a menor una de las siguientes afirmaciones que se ajuste a la razón por la cual estas interesado en estudiar. 1 es el mayor y 4 el menor.',2,3,2);
INSERT INTO `preguntas` (`id`,`pregunta`,`numero`,`preguntastipo_id`,`formulario_id`) VALUES (3,'Qué tan importante es esta decisión de carrera/vocación para usted',3,6,2);
INSERT INTO `preguntas` (`id`,`pregunta`,`numero`,`preguntastipo_id`,`formulario_id`) VALUES (4,'La decisión de estudio está vinculada a la satisfacción que sienta en general conmigo mismo',4,4,2);
INSERT INTO `preguntas` (`id`,`pregunta`,`numero`,`preguntastipo_id`,`formulario_id`) VALUES (5,'Para mi la decisión de estudio puede influenciar el qué tan satisfecho me sienta durante la carrera',5,4,2);
INSERT INTO `preguntas` (`id`,`pregunta`,`numero`,`preguntastipo_id`,`formulario_id`) VALUES (6,'Pienso que las calificaciones que recibiré en la carrera que decida estudiar pueden tener relación con la  facilidad de conseguir empleo',6,4,2);
INSERT INTO `preguntas` (`id`,`pregunta`,`numero`,`preguntastipo_id`,`formulario_id`) VALUES (7,'Creo que la elección de la carrera influirá en las opciones de trabajo que se me presenten a futuro',7,4,2);
INSERT INTO `preguntas` (`id`,`pregunta`,`numero`,`preguntastipo_id`,`formulario_id`) VALUES (8,'Creo que la elección de la carrera influirá en tener mayores ingresos salariales',8,4,2);
INSERT INTO `preguntas` (`id`,`pregunta`,`numero`,`preguntastipo_id`,`formulario_id`) VALUES (9,'Se me facilita reconocer aquellas actividades que realizo mejor',1,7,3);
INSERT INTO `preguntas` (`id`,`pregunta`,`numero`,`preguntastipo_id`,`formulario_id`) VALUES (10,'Logro identificar con gran exactitud aquellas materias o asignaturas que me interesan',2,7,3);
INSERT INTO `preguntas` (`id`,`pregunta`,`numero`,`preguntastipo_id`,`formulario_id`) VALUES (11,'Se me facilita reconocer aspectos de mi forma de ser o de mis habilidades y mas aun aspectos que me apasionan para encontrar su relación con diferentes carreras.',3,7,3);
INSERT INTO `preguntas` (`id`,`pregunta`,`numero`,`preguntastipo_id`,`formulario_id`) VALUES (12,'Mis habilidades, preferencias en cuanto a las actividades que me apasionan cuadran con mis alternativas de estudio',4,7,3);
INSERT INTO `preguntas` (`id`,`pregunta`,`numero`,`preguntastipo_id`,`formulario_id`) VALUES (13,'He leído y recurrido a información diferente relacionada con opciones de carrera',1,5,4);
INSERT INTO `preguntas` (`id`,`pregunta`,`numero`,`preguntastipo_id`,`formulario_id`) VALUES (14,'Conozco las diferencias y ventajas que existen entre las carreras técnicas profesionales, tecnológicas y universitarias',2,5,4);
INSERT INTO `preguntas` (`id`,`pregunta`,`numero`,`preguntastipo_id`,`formulario_id`) VALUES (15,'He consultado fuentes serias (estadísticas o bases de datos por ejemplo) que informan sobre salarios, no. de egresados, oferta laboral entre otros temas',3,5,4);
INSERT INTO `preguntas` (`id`,`pregunta`,`numero`,`preguntastipo_id`,`formulario_id`) VALUES (16,'Entiendo a la perfección cómo saber si una Institución de Educación Superior cuenta con acreditación del Ministerio de Educación',4,5,4);
INSERT INTO `preguntas` (`id`,`pregunta`,`numero`,`preguntastipo_id`,`formulario_id`) VALUES (17,'Que tan profundo ha indagado  las carreras que le interesan',1,5,5);
INSERT INTO `preguntas` (`id`,`pregunta`,`numero`,`preguntastipo_id`,`formulario_id`) VALUES (18,'Que tan profundo ha indagado  los diferentes costos de matrícula',2,5,5);
INSERT INTO `preguntas` (`id`,`pregunta`,`numero`,`preguntastipo_id`,`formulario_id`) VALUES (19,'Que tan profundo has investigado por Internet sobre las diferentes instituciones de educación superior',3,5,5);
INSERT INTO `preguntas` (`id`,`pregunta`,`numero`,`preguntastipo_id`,`formulario_id`) VALUES (20,'Que tanto has revisado los pensum de los programas en las universidades que te interesan',4,5,5);
INSERT INTO `preguntas` (`id`,`pregunta`,`numero`,`preguntastipo_id`,`formulario_id`) VALUES (21,'He realizado una evaluación detallada de los diferentes programas académicos que se relacionan con mis preferencias',5,5,5);
INSERT INTO `preguntas` (`id`,`pregunta`,`numero`,`preguntastipo_id`,`formulario_id`) VALUES (22,'Tengo claridad sobre mis objetivos académicos y profesionales a corto, mediano y largo plazo',1,7,6);
INSERT INTO `preguntas` (`id`,`pregunta`,`numero`,`preguntastipo_id`,`formulario_id`) VALUES (23,'Sé cómo elaborar un presupuesto que incluye todos los gastos adicionales a la matrícula que implica el ingresar a la universidad',2,7,6);
INSERT INTO `preguntas` (`id`,`pregunta`,`numero`,`preguntastipo_id`,`formulario_id`) VALUES (24,'Me interesa conversar con familiares o allegados acerca de su opinión sobre mi decisión de carrera',3,7,6);
INSERT INTO `preguntas` (`id`,`pregunta`,`numero`,`preguntastipo_id`,`formulario_id`) VALUES (25,'Considero que la opinión de mis profesores es importante y por eso tengo en cuenta lo que ellos creen que es lo mejor para mí.',4,7,6);
INSERT INTO `preguntas` (`id`,`pregunta`,`numero`,`preguntastipo_id`,`formulario_id`) VALUES (26,'He conversado con personas que estudiaron aquello que me interesaría estudiar',5,7,6);
INSERT INTO `preguntas` (`id`,`pregunta`,`numero`,`preguntastipo_id`,`formulario_id`) VALUES (27,'He realizado una evaluación detallada respecto a las alternativas de estudio que estoy contemplando para decidir cual cumple con la mayoría de mis preferencias',6,7,6);
INSERT INTO `preguntas` (`id`,`pregunta`,`numero`,`preguntastipo_id`,`formulario_id`) VALUES (28,'Tengo ya definida una alternativa de estudio con la cual me siento tranquilo y satisfecho',7,7,6);
INSERT INTO `preguntas` (`id`,`pregunta`,`numero`,`preguntastipo_id`,`formulario_id`) VALUES (29,'Mantiene autocontrol en situaciones difíciles y frente a críticas',1,7,15);
INSERT INTO `preguntas` (`id`,`pregunta`,`numero`,`preguntastipo_id`,`formulario_id`) VALUES (30,'Coopera y participa',1,7,16);
INSERT INTO `preguntas` (`id`,`pregunta`,`numero`,`preguntastipo_id`,`formulario_id`) VALUES (31,'Toma decisiones fácilmente',1,7,17);
INSERT INTO `preguntas` (`id`,`pregunta`,`numero`,`preguntastipo_id`,`formulario_id`) VALUES (32,'Define prioridades y controla la calidad del trabajo de acuerdo con los objetivos y plazos.',1,7,18);
INSERT INTO `preguntas` (`id`,`pregunta`,`numero`,`preguntastipo_id`,`formulario_id`) VALUES (33,'Es metódico(a) en la forma de analizar la situación problemática',1,7,19);
INSERT INTO `preguntas` (`id`,`pregunta`,`numero`,`preguntastipo_id`,`formulario_id`) VALUES (34,'Habilidades numéricas',1,6,20);
INSERT INTO `preguntas` (`id`,`pregunta`,`numero`,`preguntastipo_id`,`formulario_id`) VALUES (35,'Menciona al menos dos fortalezas',1,8,21);
INSERT INTO `preguntas` (`id`,`pregunta`,`numero`,`preguntastipo_id`,`formulario_id`) VALUES (36,'Cuáles consideras que son sus principales debilidades',2,8,21);
INSERT INTO `preguntas` (`id`,`pregunta`,`numero`,`preguntastipo_id`,`formulario_id`) VALUES (37,'Por favor organiza de mayor a menor interés el listado de asignaturas académicas más comunes durante el bachillerato que aparece a continuación . Utiliza el mouse para desplazar cada una de las asignaturas.',1,3,22);
INSERT INTO `preguntas` (`id`,`pregunta`,`numero`,`preguntastipo_id`,`formulario_id`) VALUES (38,'¿Cómo es tu desempeño en las 3 primeras asignaturas de la pirámide vocacional?',2,8,22);
INSERT INTO `preguntas` (`id`,`pregunta`,`numero`,`preguntastipo_id`,`formulario_id`) VALUES (39,'En relación con las 3 primeras asignaturas: ¿Qué tipo de habilidades posees que se relacionen con tu preferencia por estas asignaturas?',3,8,22);
INSERT INTO `preguntas` (`id`,`pregunta`,`numero`,`preguntastipo_id`,`formulario_id`) VALUES (40,'Agricultura',1,7,24);
INSERT INTO `preguntas` (`id`,`pregunta`,`numero`,`preguntastipo_id`,`formulario_id`) VALUES (41,'Producción de alimentos de origen animal',2,7,24);
INSERT INTO `preguntas` (`id`,`pregunta`,`numero`,`preguntastipo_id`,`formulario_id`) VALUES (42,'Escultura',1,7,25);
INSERT INTO `preguntas` (`id`,`pregunta`,`numero`,`preguntastipo_id`,`formulario_id`) VALUES (43,'Bacteriología',1,7,26);
INSERT INTO `preguntas` (`id`,`pregunta`,`numero`,`preguntastipo_id`,`formulario_id`) VALUES (44,'Antropología',1,7,27);
INSERT INTO `preguntas` (`id`,`pregunta`,`numero`,`preguntastipo_id`,`formulario_id`) VALUES (45,'Estrategias pedagógicas',1,7,28);
INSERT INTO `preguntas` (`id`,`pregunta`,`numero`,`preguntastipo_id`,`formulario_id`) VALUES (46,'Desarrollo y administración de negocios',1,7,29);
INSERT INTO `preguntas` (`id`,`pregunta`,`numero`,`preguntastipo_id`,`formulario_id`) VALUES (47,'Arquitectura',1,7,30);
INSERT INTO `preguntas` (`id`,`pregunta`,`numero`,`preguntastipo_id`,`formulario_id`) VALUES (48,'Biología',1,7,31);
INSERT INTO `preguntas` (`id`,`pregunta`,`numero`,`preguntastipo_id`,`formulario_id`) VALUES (49,'¿Qué es lo que más te llama la atención de esta organización de tus intereses?',1,8,32);
INSERT INTO `preguntas` (`id`,`pregunta`,`numero`,`preguntastipo_id`,`formulario_id`) VALUES (50,'Crear objetos y edificios',1,4,33);
INSERT INTO `preguntas` (`id`,`pregunta`,`numero`,`preguntastipo_id`,`formulario_id`) VALUES (51,'Balance entre la vida profesional y personal',2,4,33);
INSERT INTO `preguntas` (`id`,`pregunta`,`numero`,`preguntastipo_id`,`formulario_id`) VALUES (52,'Flexibilidad',3,4,33);
INSERT INTO `preguntas` (`id`,`pregunta`,`numero`,`preguntastipo_id`,`formulario_id`) VALUES (53,'Pueda conseguir reconocimiento intelectual',4,4,33);
INSERT INTO `preguntas` (`id`,`pregunta`,`numero`,`preguntastipo_id`,`formulario_id`) VALUES (54,'Altos niveles de competencia',5,4,33);
INSERT INTO `preguntas` (`id`,`pregunta`,`numero`,`preguntastipo_id`,`formulario_id`) VALUES (55,'Retos constantes a nivel mental',6,4,33);
INSERT INTO `preguntas` (`id`,`pregunta`,`numero`,`preguntastipo_id`,`formulario_id`) VALUES (56,'Alta resolución de problemas',7,4,33);
INSERT INTO `preguntas` (`id`,`pregunta`,`numero`,`preguntastipo_id`,`formulario_id`) VALUES (57,'Orden y estructura',8,4,33);
INSERT INTO `preguntas` (`id`,`pregunta`,`numero`,`preguntastipo_id`,`formulario_id`) VALUES (58,'Buenas compensaciones salariales',9,4,33);
INSERT INTO `preguntas` (`id`,`pregunta`,`numero`,`preguntastipo_id`,`formulario_id`) VALUES (59,'Reconocimiento público',10,4,33);
INSERT INTO `preguntas` (`id`,`pregunta`,`numero`,`preguntastipo_id`,`formulario_id`) VALUES (60,'Impacto en otros y en la sociedad en general',11,4,33);
INSERT INTO `preguntas` (`id`,`pregunta`,`numero`,`preguntastipo_id`,`formulario_id`) VALUES (61,'Uso de creatividad e innovación',12,4,33);
INSERT INTO `preguntas` (`id`,`pregunta`,`numero`,`preguntastipo_id`,`formulario_id`) VALUES (62,'Alto nivel de desarrollo profesional',13,4,33);
INSERT INTO `preguntas` (`id`,`pregunta`,`numero`,`preguntastipo_id`,`formulario_id`) VALUES (63,'Alto nivel de cambio',14,4,33);
INSERT INTO `preguntas` (`id`,`pregunta`,`numero`,`preguntastipo_id`,`formulario_id`) VALUES (64,'La posibilidad de construir amistades',15,4,33);
INSERT INTO `preguntas` (`id`,`pregunta`,`numero`,`preguntastipo_id`,`formulario_id`) VALUES (65,'Conformación de grupos de trabajo',16,4,33);
INSERT INTO `preguntas` (`id`,`pregunta`,`numero`,`preguntastipo_id`,`formulario_id`) VALUES (66,'Cierto nivel de rutina y de predicción sobre el ritmo de trabajo',17,4,33);
INSERT INTO `preguntas` (`id`,`pregunta`,`numero`,`preguntastipo_id`,`formulario_id`) VALUES (67,'Por favor organiza de mayor a menor interés el listado de las 10 actividades mas importantes para ti. Utiliza el mouse para desplazar cada una de las actividades.',1,8,34);
INSERT INTO `preguntas` (`id`,`pregunta`,`numero`,`preguntastipo_id`,`formulario_id`) VALUES (68,'¿Cómo sería tu primer vida?',1,8,36);
INSERT INTO `preguntas` (`id`,`pregunta`,`numero`,`preguntastipo_id`,`formulario_id`) VALUES (69,'¿Cómo sería tu segunda vida?',2,8,36);
INSERT INTO `preguntas` (`id`,`pregunta`,`numero`,`preguntastipo_id`,`formulario_id`) VALUES (70,'¿Cómo sería tu tercer vida?',3,8,36);
INSERT INTO `preguntas` (`id`,`pregunta`,`numero`,`preguntastipo_id`,`formulario_id`) VALUES (71,'Intereses',1,5,38);
INSERT INTO `preguntas` (`id`,`pregunta`,`numero`,`preguntastipo_id`,`formulario_id`) VALUES (72,'Habilidades',2,5,38);
INSERT INTO `preguntas` (`id`,`pregunta`,`numero`,`preguntastipo_id`,`formulario_id`) VALUES (73,'Personalidad',3,5,38);
INSERT INTO `preguntas` (`id`,`pregunta`,`numero`,`preguntastipo_id`,`formulario_id`) VALUES (74,'Pensum',1,5,39);
INSERT INTO `preguntas` (`id`,`pregunta`,`numero`,`preguntastipo_id`,`formulario_id`) VALUES (75,'Aplicabilidad',2,5,39);
INSERT INTO `preguntas` (`id`,`pregunta`,`numero`,`preguntastipo_id`,`formulario_id`) VALUES (76,'Empleabilidad',3,5,39);
INSERT INTO `preguntas` (`id`,`pregunta`,`numero`,`preguntastipo_id`,`formulario_id`) VALUES (77,'Ubicación',1,5,40);
INSERT INTO `preguntas` (`id`,`pregunta`,`numero`,`preguntastipo_id`,`formulario_id`) VALUES (78,'Precio y financiación',2,5,40);
INSERT INTO `preguntas` (`id`,`pregunta`,`numero`,`preguntastipo_id`,`formulario_id`) VALUES (79,'Calidad',3,5,40);


INSERT INTO `opciones` (`id`,`nombre`,`pregunta_id`,`peso`,`factor`) VALUES (1,'Ninguna carrera me ha llamado la atención hasta ahora',1,NULL,NULL);
INSERT INTO `opciones` (`id`,`nombre`,`pregunta_id`,`peso`,`factor`) VALUES (2,'Tengo varias opciones de carrera pero no sé cuál escoger',1,NULL,NULL);
INSERT INTO `opciones` (`id`,`nombre`,`pregunta_id`,`peso`,`factor`) VALUES (3,'Empecé una carrera pero no estoy satisfecho con la decisión que tomé',1,NULL,NULL);
INSERT INTO `opciones` (`id`,`nombre`,`pregunta_id`,`peso`,`factor`) VALUES (4,'Tengo claridad sobre qué quiero estudiar pero quiero reafirmar mi decisión',1,NULL,NULL);
INSERT INTO `opciones` (`id`,`nombre`,`pregunta_id`,`peso`,`factor`) VALUES (5,'Ingresos salariales, importancia y prestigio',2,NULL,NULL);
INSERT INTO `opciones` (`id`,`nombre`,`pregunta_id`,`peso`,`factor`) VALUES (6,'Conseguir un buen trabajo y de forma fácil',2,NULL,NULL);
INSERT INTO `opciones` (`id`,`nombre`,`pregunta_id`,`peso`,`factor`) VALUES (7,'Cumplir las expectativas o seguir el ejemplo de familiares, amigos o profesores',2,NULL,NULL);
INSERT INTO `opciones` (`id`,`nombre`,`pregunta_id`,`peso`,`factor`) VALUES (8,'Me gustaría hacer lo que me apasione',2,NULL,NULL);
INSERT INTO `opciones` (`id`,`nombre`,`pregunta_id`,`peso`,`factor`) VALUES (9,'Literatura',37,0,NULL);
INSERT INTO `opciones` (`id`,`nombre`,`pregunta_id`,`peso`,`factor`) VALUES (10,'Matemáticas',37,0,NULL);
INSERT INTO `opciones` (`id`,`nombre`,`pregunta_id`,`peso`,`factor`) VALUES (11,'Biología',37,0,NULL);
INSERT INTO `opciones` (`id`,`nombre`,`pregunta_id`,`peso`,`factor`) VALUES (12,'Física',37,0,NULL);
INSERT INTO `opciones` (`id`,`nombre`,`pregunta_id`,`peso`,`factor`) VALUES (13,'Química',37,0,NULL);
INSERT INTO `opciones` (`id`,`nombre`,`pregunta_id`,`peso`,`factor`) VALUES (14,'Ciencias sociales',37,0,NULL);
INSERT INTO `opciones` (`id`,`nombre`,`pregunta_id`,`peso`,`factor`) VALUES (15,'Idiomas extranjeros',37,0,NULL);
INSERT INTO `opciones` (`id`,`nombre`,`pregunta_id`,`peso`,`factor`) VALUES (16,'Educación física',37,0,NULL);
INSERT INTO `opciones` (`id`,`nombre`,`pregunta_id`,`peso`,`factor`) VALUES (17,'Tecnología',37,0,NULL);
INSERT INTO `opciones` (`id`,`nombre`,`pregunta_id`,`peso`,`factor`) VALUES (18,'Dibujo',37,0,NULL);
INSERT INTO `opciones` (`id`,`nombre`,`pregunta_id`,`peso`,`factor`) VALUES (19,'Artes',37,0,NULL);